id,first_name,last_name,email,gender,city,country_code
1,Cart,Ruppert,cruppert0@newyorker.com,Male,Shuyuan,CN
2,Fitzgerald,Nanni,fnanni1@berkeley.edu,Male,Shuangxiqiao,CN
3,Carlynne,Hyde-Chambers,chydechambers2@mapquest.com,Female,La Rioja,AR
4,Sutherlan,Petyt,spetyt3@vkontakte.ru,Male,Gaigeturi,KR
5,Rowland,Krebs,rkrebs4@utexas.edu,Male,Parzęczew,PL
6,Audie,Anespie,aanespie5@princeton.edu,Female,Baborów,PL
7,Seana,Hankin,shankin6@google.com.br,Female,Trieste,IT
8,Damian,Killerby,dkillerby7@last.fm,Male,Klapagading,ID
9,Bobbe,Attyeo,battyeo8@nih.gov,Female,Marmande,FR
10,Marika,Cheley,mcheley9@cyberchimps.com,Female,Martakert,AZ
11,Alta,Teffrey,ateffreya@washington.edu,Female,Maardu,EE
12,Kay,Naris,knarisb@bigcartel.com,Female,Nahura,ID
13,Benjy,Hurt,bhurtc@dailymotion.com,Male,Bay Roberts,CA
14,Bride,Ree,breed@discuz.net,Female,El Alamo,MX
15,Felicity,McLaughlan,fmclaughlane@usnews.com,Female,Shlissel’burg,RU
16,Ignaz,Aprahamian,iaprahamianf@newsvine.com,Male,La Asunción,CR
17,Michel,Pickerin,mpickering@com.com,Female,El Tablón,HN
18,Minna,Whitehorn,mwhitehornh@theglobeandmail.com,Female,Yangmingbu,CN
19,Gerti,Betun,gbetuni@alexa.com,Female,San Alejandro,PH
20,Giuseppe,Sharkey,gsharkeyj@imageshack.us,Male,Łubowo,PL
21,Myer,Beetles,mbeetlesk@google.co.uk,Male,Brunflo,SE
22,Garik,Perkins,gperkinsl@opensource.org,Male,Utkivka,UA
23,Leia,Mishaw,lmishawm@walmart.com,Female,Nîmes,FR
24,Thibaut,Grima,tgriman@wordpress.com,Male,Dongtou,CN
25,Joaquin,Brechin,jbrechino@360.cn,Male,Vigo,ES
26,Windham,Mauvin,wmauvinp@php.net,Male,Rovira,CO
27,Thorvald,Spincke,tspinckeq@economist.com,Male,Phoenix,US
28,Sissie,Tammadge,stammadger@who.int,Female,Odeleite,PT
29,Gregg,Wabersich,gwabersichs@live.com,Male,Pyu,MM
30,Darby,Farmer,dfarmert@vk.com,Male,Domoni,KM
31,Kassey,Orr,korru@bravesites.com,Female,Khorixas,NA
32,Claudius,Katz,ckatzv@qq.com,Male,Ochër,RU
33,Homerus,Kingcote,hkingcotew@google.co.uk,Genderqueer,Banfora,BF
34,Ava,Tromans,atromansx@bluehost.com,Female,Zhuting,CN
35,Cchaddie,Gronauer,cgronauery@mediafire.com,Male,San Miguel de Cauri,PE
36,Judie,Kender,jkenderz@blinklist.com,Female,Chuguyevka,RU
37,Ellissa,Reinert,ereinert10@imgur.com,Female,Yartsevo,RU
38,Andris,Disdel,adisdel11@furl.net,Male,Kolyvan’,RU
39,Isadora,Issacoff,iissacoff12@fastcompany.com,Female,Sukamanah,ID
40,Sile,Girke,sgirke13@amazon.co.uk,Female,Miami,US
41,Jaymie,Colaco,jcolaco14@boston.com,Male,Verkhoshizhem’ye,RU
42,Thibaut,Gordge,tgordge15@businesswire.com,Male,Pindamonhangaba,BR
43,Claretta,Rogans,crogans16@spotify.com,Female,Poteran,ID
44,Kylynn,Van der Beek,kvanderbeek17@sphinn.com,Female,Maddela,PH
45,Doroteya,Bernon,dbernon18@berkeley.edu,Female,Liuji,CN
46,Lu,Manger,lmanger19@yahoo.com,Female,Mórrope,PE
47,Langston,Brandli,lbrandli1a@addthis.com,Male,Legen,SI
48,Sammie,Jewess,sjewess1b@phoca.cz,Agender,Safi,JO
49,Gav,Brookes,gbrookes1c@123-reg.co.uk,Male,Tyoply Stan,RU
50,Nerti,Crowley,ncrowley1d@odnoklassniki.ru,Female,Zangbi,CN
51,Suzy,Probetts,sprobetts1e@statcounter.com,Female,Eleftheroúpolis,GR
52,Adham,Emps,aemps1f@indiegogo.com,Male,Tiên Phước,VN
53,Maximilien,Lindenbaum,mlindenbaum1g@canalblog.com,Male,Blerim,AL
54,Moishe,Velten,mvelten1h@prlog.org,Male,Mataraben,ID
55,Ortensia,McDirmid,omcdirmid1i@com.com,Female,Valenciennes,FR
56,Jonas,Placidi,jplacidi1j@qq.com,Male,Chongxing,CN
57,Benny,Haysom,bhaysom1k@exblog.jp,Female,København,DK
58,Rosita,Valti,rvalti1l@prnewswire.com,Female,Qianzhou,CN
59,Donny,Bunstone,dbunstone1m@cnn.com,Male,Nantang,CN
60,Donetta,Deschlein,ddeschlein1n@seattletimes.com,Female,Etinan,NG
61,Danika,Partington,dpartington1o@princeton.edu,Polygender,Gulod,PH
62,Alessandra,Winscum,awinscum1p@icq.com,Female,Hoolt,MN
63,Page,Lugden,plugden1q@nasa.gov,Male,Czernikowo,PL
64,Tracey,Pehrsson,tpehrsson1r@hostgator.com,Male,Cojutepeque,SV
65,Gil,Seckington,gseckington1s@livejournal.com,Male,Campoverde,PE
66,Dun,Crothers,dcrothers1t@seattletimes.com,Male,Bacnotan,PH
67,Iago,Tipler,itipler1u@globo.com,Male,Jejkowice,PL
68,Ameline,Twentyman,atwentyman1v@blog.com,Female,Karanglo,ID
69,Rog,Cresser,rcresser1w@japanpost.jp,Male,Sarilhos Grandes,PT
70,Carolann,Tuffin,ctuffin1x@pbs.org,Female,Lianghekou,CN
71,Scott,Leckey,sleckey1y@google.es,Male,Tocopilla,CL
72,Humfried,Mitro,hmitro1z@pinterest.com,Male,Noisy-le-Grand,FR
73,Tully,Snarie,tsnarie20@eepurl.com,Male,Tejen,TM
74,Kristan,Kelsall,kkelsall21@youku.com,Female,Malangabang,PH
75,Ashlee,Lepere,alepere22@liveinternet.ru,Female,Samothráki,GR
76,Eduino,Blunsom,eblunsom23@wordpress.com,Male,Lemende,PT
77,Whitney,Kineton,wkineton24@usatoday.com,Male,Guarapari,BR
78,Alphonso,Baggs,abaggs25@icio.us,Male,Hedaru,TZ
79,Broddie,Dredge,bdredge26@webnode.com,Male,"Palmas De Gran Canaria, Las",ES
80,Wren,Wiskar,wwiskar27@feedburner.com,Female,Haradok,BY
81,Pavla,Clubley,pclubley28@acquirethisname.com,Genderfluid,Dengfang,CN
82,Warden,Staning,wstaning29@bloomberg.com,Male,Bordeaux,FR
83,Berni,Triggol,btriggol2a@blogspot.com,Female,Sebulu,ID
84,Clerc,Olijve,colijve2b@slashdot.org,Male,Lyon,FR
85,Hugues,Belin,hbelin2c@jigsy.com,Male,Fengshan,CN
86,Jelene,Turfs,jturfs2d@baidu.com,Female,Valašská Bystřice,CZ
87,Renato,Schellig,rschellig2e@skyrock.com,Male,Město Albrechtice,CZ
88,Paige,Kirsop,pkirsop2f@angelfire.com,Agender,La Rochelle,FR
89,Liam,Hurch,lhurch2g@ibm.com,Male,Utrecht (stad),NL
90,Reynold,Grahl,rgrahl2h@dailymotion.com,Male,Carcavelos,PT
91,Robbyn,Reary,rreary2i@yale.edu,Female,Cikadu,ID
92,Demetris,Duckham,dduckham2j@studiopress.com,Female,Promna,PL
93,Aeriell,Cello,acello2k@example.com,Bigender,Xiayang,CN
94,Sorcha,Dirand,sdirand2l@discovery.com,Female,Xinkaikou,CN
95,Charmain,Farnon,cfarnon2m@wikimedia.org,Female,Shicheng,CN
96,Yehudit,Styant,ystyant2n@nytimes.com,Male,Wanju,KR
97,Kalle,Jedrzejewski,kjedrzejewski2o@aboutads.info,Male,Honghai,CN
98,Laney,Margrett,lmargrett2p@geocities.jp,Male,Dadong,CN
99,Khalil,Lempke,klempke2q@cornell.edu,Male,Yongfeng,CN
100,Archie,Cardis,acardis2r@webmd.com,Genderqueer,Sanhe,CN
101,Ripley,Coie,rcoie2s@walmart.com,Polygender,Le Havre,FR
102,Gale,Emons,gemons2t@ifeng.com,Female,Escola,PT
103,Ash,Albrighton,aalbrighton2u@foxnews.com,Male,Alor Setar,MY
104,Sarge,Itzcak,sitzcak2v@drupal.org,Male,Kapenguria,KE
105,Perceval,Alliott,palliott2w@army.mil,Polygender,Beslan,RU
106,Dania,Lowseley,dlowseley2x@washington.edu,Polygender,Jejkowice,PL
107,Tessi,Hefferan,thefferan2y@purevolume.com,Female,Perístasi,GR
108,Etienne,Glasebrook,eglasebrook2z@narod.ru,Male,Lannion,FR
109,Sheeree,Roizn,sroizn30@myspace.com,Non-binary,Horní Lideč,CZ
110,Brena,Blenkinship,bblenkinship31@bloglines.com,Female,Kamyshevka Vtoraya,UA
111,Omero,Lye,olye32@xinhuanet.com,Genderqueer,Emiliano Zapata,MX
112,Zed,Maffucci,zmaffucci33@go.com,Male,Bartošovice,CZ
113,Gilles,Hazart,ghazart34@globo.com,Male,Shunyi,CN
114,Woody,Snyder,wsnyder35@weather.com,Male,Ridder,KZ
115,Jerrine,Orsman,jorsman36@ucoz.ru,Female,Guanmiao,CN
116,Jeffy,Flanaghan,jflanaghan37@dion.ne.jp,Male,Georgetown,GM
117,Danita,Bather,dbather38@marketwatch.com,Female,Cola,CN
118,Aldis,Osichev,aosichev39@delicious.com,Male,Wengang,CN
119,Dredi,Perrinchief,dperrinchief3a@hatena.ne.jp,Female,Viejo Daan Banua,PH
120,Burnaby,Banner,bbanner3b@google.com.hk,Male,Halton,GB
121,Abigael,Kirkbride,akirkbride3c@list-manage.com,Female,Wujiabao,CN
122,Erick,Adran,eadran3d@europa.eu,Male,Hongos,PE
123,Mitchel,Clint,mclint3e@eventbrite.com,Male,El Agua Dulcita,HN
124,Fred,Coate,fcoate3f@mediafire.com,Female,Pankshin,NG
125,Brunhilda,Palley,bpalley3g@google.co.uk,Female,Masvingo,ZW
126,Norma,Langwade,nlangwade3h@unc.edu,Female,Proença-a-Nova,PT
127,Lanny,Joney,ljoney3i@furl.net,Female,Ribeiro,PT
128,Bret,Kingsnoad,bkingsnoad3j@wired.com,Male,Shunhe,CN
129,Kari,Mattheus,kmattheus3k@nationalgeographic.com,Female,Cisewu,ID
130,Bernice,Murrish,bmurrish3l@disqus.com,Female,Eixo,PT
131,Fabiano,Greenmon,fgreenmon3m@sourceforge.net,Male,Tsalka,GE
132,Wright,Ffoulkes,wffoulkes3n@is.gd,Male,Strenči,LV
133,Aurelea,Myhill,amyhill3o@nba.com,Female,Santo Antônio da Platina,BR
134,Shaughn,Ivachyov,sivachyov3p@tamu.edu,Male,Charlotte,US
135,Jazmin,Gare,jgare3q@artisteer.com,Female,Petrolera,MX
136,Chuck,Blazej,cblazej3r@wisc.edu,Male,Santa Cruz,VE
137,Rosemonde,Fullun,rfullun3s@slashdot.org,Female,Touama,MA
138,Todd,Jenicke,tjenicke3t@usda.gov,Male,Kanália,GR
139,Misti,Biggadike,mbiggadike3u@gravatar.com,Female,Qal‘ah-ye Na‘īm,AF
140,Cody,Tabart,ctabart3v@buzzfeed.com,Male,Marcovia,HN
141,Mort,Ector,mector3w@cocolog-nifty.com,Male,Mazatenango,GT
142,Dianna,Norcross,dnorcross3x@plala.or.jp,Female,Zhongxing,CN
143,Sorcha,Bridson,sbridson3y@hugedomains.com,Female,Sumberpinang Satu,ID
144,Talbert,Whitcombe,twhitcombe3z@dailymail.co.uk,Male,Tuapse,RU
145,Brigitte,O'Hegertie,bohegertie40@yellowbook.com,Female,Kali,ID
146,Janna,Yakobovitz,jyakobovitz41@google.com.hk,Female,Blimbing,ID
147,Kellen,Venart,kvenart42@thetimes.co.uk,Female,Mitrópoli,GR
148,Alvera,Jannaway,ajannaway43@elegantthemes.com,Female,Sang-e Chārak,AF
149,Julieta,Kingett,jkingett44@arstechnica.com,Female,Baoping,CN
150,Mohandas,Maybey,mmaybey45@comcast.net,Male,Jinjiang,CN
151,Mylo,Einchcombe,meinchcombe46@imageshack.us,Male,Pasto,CO
152,Dino,Ankrett,dankrett47@dedecms.com,Male,Zhenwen,CN
153,Todd,Lazenby,tlazenby48@privacy.gov.au,Male,Velykyy Klyuchiv,UA
154,Ginny,Wattam,gwattam49@auda.org.au,Female,Alameda,MX
155,Jocelin,Yggo,jyggo4a@acquirethisname.com,Female,Galatás,GR
156,Boot,Tedahl,btedahl4b@wisc.edu,Male,Ts’khinvali,GE
157,Ariel,Surgenor,asurgenor4c@clickbank.net,Male,María la Baja,CO
158,Hale,Hillin,hhillin4d@a8.net,Male,Il’inskiy Pogost,RU
159,Caressa,Kike,ckike4e@oracle.com,Female,Cacocum,CU
160,Stormi,Taunton,staunton4f@cmu.edu,Genderqueer,Ouranoupolis,GR
161,Emerson,Tointon,etointon4g@diigo.com,Male,Rogowo,PL
162,Ogdon,Leitche,oleitche4h@cnbc.com,Polygender,Kirkton,GB
163,Rudolfo,Byer,rbyer4i@irs.gov,Male,Burgos,PH
164,Sergent,Bousquet,sbousquet4j@soup.io,Polygender,Jingling,CN
165,Angelico,Youngs,ayoungs4k@infoseek.co.jp,Male,Chishui,CN
166,Jamie,Wait,jwait4l@plala.or.jp,Male,Sangiang,ID
167,Drusy,Abbs,dabbs4m@a8.net,Female,Jardinópolis,BR
168,Connie,Klos,cklos4n@list-manage.com,Female,Bago City,PH
169,Trudy,Rollett,trollett4o@g.co,Female,Slunj,HR
170,Willey,Ebbotts,webbotts4p@hhs.gov,Male,Hägersten,SE
171,Prissie,Labusch,plabusch4q@nationalgeographic.com,Female,Tsaghveri,GE
172,Holt,Gheeorghie,hgheeorghie4r@multiply.com,Male,Valdemarsvik,SE
173,Brantley,Crowcroft,bcrowcroft4s@nationalgeographic.com,Bigender,Horad Pinsk,BY
174,Elspeth,MacCombe,emaccombe4t@behance.net,Non-binary,Wonorejo,ID
175,Sib,Muncey,smuncey4u@businessweek.com,Female,Ríohacha,CO
176,Gawen,Klaggeman,gklaggeman4v@imgur.com,Male,Ino,JP
177,Dunstan,O'Scully,doscully4w@wiley.com,Male,Torkanivka,UA
178,Matthieu,Diano,mdiano4x@ed.gov,Male,Lameira,PT
179,Pren,Cisson,pcisson4y@vimeo.com,Male,Donglai,CN
180,Washington,Lambert-Ciorwyn,wlambertciorwyn4z@skyrock.com,Male,Miedzichowo,PL
181,Jerrome,Danzey,jdanzey50@ftc.gov,Male,Jorowaru Daya,ID
182,Mick,Aldrick,maldrick51@bloglines.com,Male,Matias Olímpio,BR
183,Paulo,Lightbown,plightbown52@flavors.me,Agender,Man,CI
184,Belia,Stollard,bstollard53@ustream.tv,Female,Kangding,CN
185,Alessandro,Copsey,acopsey54@vistaprint.com,Male,Waenenda,ID
186,Amerigo,Jentzsch,ajentzsch55@wix.com,Male,Zhuting,CN
187,Burch,Romer,bromer56@disqus.com,Male,Las Flores,MX
188,Flss,Lagneaux,flagneaux57@msn.com,Female,Ciudad Guayana,VE
189,Shannah,Levinge,slevinge58@twitpic.com,Female,Wasquehal,FR
190,Rachelle,Tomsa,rtomsa59@epa.gov,Female,Kaa-Khem,RU
191,Clem,Leyshon,cleyshon5a@eepurl.com,Female,Rájec-Jestřebí,CZ
192,Audie,Virgo,avirgo5b@amazon.com,Female,Cipeucang,ID
193,Gertie,De Beneditti,gdebeneditti5c@go.com,Female,Santo André,PT
194,Laurent,Espinosa,lespinosa5d@va.gov,Male,Toulouse,FR
195,Adel,Shelf,ashelf5e@amazon.co.jp,Female,Francisco Sarabia,MX
196,Kalle,Gingles,kgingles5f@slashdot.org,Male,Batur Kidul,ID
197,Gerrilee,Trowel,gtrowel5g@stanford.edu,Female,Thị Trấn Hát Lót,VN
198,Malissa,Krysztofiak,mkrysztofiak5h@ihg.com,Female,Antaparco,PE
199,Kellby,Heineke,kheineke5i@vinaora.com,Male,Bitola,MK
200,Adiana,Sherrell,asherrell5j@privacy.gov.au,Female,Kolonowskie,PL
201,Denis,Shreve,dshreve5k@cisco.com,Male,Nyima,CN
202,Ulrick,McVey,umcvey5l@addtoany.com,Male,Sengeti,ID
203,Herta,Hawthorne,hhawthorne5m@spotify.com,Female,Yishan,CN
204,Lucias,Dacca,ldacca5n@smugmug.com,Male,Sandnes,NO
205,Gun,Smedmore,gsmedmore5o@earthlink.net,Male,Bagnères-de-Bigorre,FR
206,Eleanora,Rammell,erammell5p@ameblo.jp,Female,Fresno,US
207,Myriam,Grcic,mgrcic5q@unc.edu,Female,Baardheere,SO
208,Freeman,Dahlback,fdahlback5r@sina.com.cn,Male,Qianjia,CN
209,Lorelle,Sandiford,lsandiford5s@sohu.com,Female,Puan,KR
210,Bordie,De Witt,bdewitt5t@sogou.com,Agender,Svay Rieng,KH
211,Sammy,Lockier,slockier5u@cbslocal.com,Male,Berlin,DE
212,Tamera,Shufflebotham,tshufflebotham5v@phoca.cz,Female,Acajutla,SV
213,Godfry,Strotone,gstrotone5w@dagondesign.com,Male,Nanzhai,CN
214,Daffy,Fernley,dfernley5x@hhs.gov,Female,Nauchnyy Gorodok,RU
215,Lillis,Piolli,lpiolli5y@fda.gov,Female,Ocongate,PE
216,Boyce,Rehme,brehme5z@blinklist.com,Male,Guang’an,CN
217,Garald,Regitz,gregitz60@usnews.com,Male,Viesīte,LV
218,Rosalie,Doale,rdoale61@wikispaces.com,Female,Khayr Kōṯ,AF
219,Haven,Candlin,hcandlin62@usa.gov,Male,Tolotangga,ID
220,Megan,Dunsire,mdunsire63@ning.com,Female,Khirdalan,AZ
221,Cesar,Gallimore,cgallimore64@java.com,Male,Nzega,TZ
222,Rayshell,Venour,rvenour65@tumblr.com,Female,Haoba,CN
223,Artair,Kirwin,akirwin66@usatoday.com,Male,Kafr Nubl,SY
224,Wendel,Borham,wborham67@g.co,Male,Waipare,ID
225,Armand,Measham,ameasham68@howstuffworks.com,Male,Kavála,GR
226,Cindy,Fairfoull,cfairfoull69@bigcartel.com,Female,Cabaiguán,CU
227,Roselle,Anetts,ranetts6a@symantec.com,Female,Laojie,CN
228,Bianka,Bapty,bbapty6b@devhub.com,Female,Hushan,CN
229,Lyman,Brecher,lbrecher6c@google.cn,Male,Matamey,NE
230,Emmey,Seleway,eseleway6d@skyrock.com,Female,El Carmen,MX
231,Clifford,Bummfrey,cbummfrey6e@virginia.edu,Male,Satita,SY
232,Dyana,Sexten,dsexten6f@tamu.edu,Female,Fenoarivo Be,MG
233,Nealson,Glennard,nglennard6g@taobao.com,Male,Qaffīn,PS
234,Creight,Woodhall,cwoodhall6h@ocn.ne.jp,Male,Huibu,CN
235,Willdon,Dantesia,wdantesia6i@yale.edu,Male,Gouménissa,GR
236,Trip,O'Shiels,toshiels6j@chronoengine.com,Male,Orange,FR
237,Pembroke,Severn,psevern6k@statcounter.com,Male,Campo Formoso,BR
238,Ursala,Taynton,utaynton6l@jiathis.com,Female,Aleksandrovskiy Zavod,RU
239,Zedekiah,Raspel,zraspel6m@diigo.com,Male,Sanli,CN
240,Jarid,Jakubovits,jjakubovits6n@go.com,Male,Darvi,MN
241,Teddy,Maxted,tmaxted6o@unesco.org,Male,Fort Macleod,CA
242,Derk,Rosedale,drosedale6p@hp.com,Male,Stepnogorsk,KZ
243,Dayna,Beardon,dbeardon6q@addtoany.com,Female,Al Ya‘rubīyah,SY
244,Jordan,Bentley,jbentley6r@cnbc.com,Genderqueer,Corticeiro de Baixo,PT
245,Skipper,Kaszper,skaszper6s@unicef.org,Male,Khodzhi-Gasan,AZ
246,Free,Grunnill,fgrunnill6t@illinois.edu,Male,Rushankou,CN
247,Justen,Colmer,jcolmer6u@zimbio.com,Male,Jing’an,CN
248,Charlene,Prestland,cprestland6v@furl.net,Female,Míthymna,GR
249,Hillie,Bailess,hbailess6w@wordpress.org,Male,Philipsburg,SX
250,Vaughan,Pidgeley,vpidgeley6x@cisco.com,Male,Ängelholm,SE
251,Jeramie,Becerra,jbecerra6y@jimdo.com,Male,Nzega,TZ
252,Minetta,Izaac,mizaac6z@house.gov,Female,Meniko,CY
253,Prudi,Lamberto,plamberto70@telegraph.co.uk,Female,Nariño,CO
254,Latisha,Ratie,lratie71@cbsnews.com,Female,Ngetkib,PW
255,Lemar,Sissens,lsissens72@cbsnews.com,Male,Izbicko,PL
256,Berta,Cunniffe,bcunniffe73@gizmodo.com,Female,Duas Igrejas,PT
257,Denny,Brownlee,dbrownlee74@myspace.com,Male,Jixi,CN
258,Kati,Harvison,kharvison75@phoca.cz,Female,Krajan,ID
259,Lars,Hundley,lhundley76@dailymotion.com,Male,Huanghuatan,CN
260,Thaddeus,Steffans,tsteffans77@plala.or.jp,Male,Dolega District,PA
261,Sheridan,Stapleford,sstapleford78@jalbum.net,Male,Laraos,PE
262,Urson,Duprey,uduprey79@cnn.com,Male,Nangalimang,ID
263,Angel,Vittle,avittle7a@ycombinator.com,Female,Daminggong,CN
264,Shawn,Skones,sskones7b@columbia.edu,Female,Jinfeng,CN
265,Vanya,Timmis,vtimmis7c@japanpost.jp,Female,Kombësi,AL
266,Earle,Spiniello,espiniello7d@devhub.com,Male,Umm as Summāq,JO
267,Laurella,Fenny,lfenny7e@theguardian.com,Female,Paseka,CZ
268,Lenette,Doble,ldoble7f@prlog.org,Female,Le Raincy,FR
269,Richmond,Lagneaux,rlagneaux7g@fastcompany.com,Male,Pliska,BG
270,Rand,Joddins,rjoddins7h@wikispaces.com,Male,Selat,ID
271,Freddie,Smalls,fsmalls7i@gov.uk,Male,Bei’an,CN
272,Asa,Exelby,aexelby7j@yellowpages.com,Male,Lhoknga,ID
273,Tildi,Treble,ttreble7k@fema.gov,Female,Duowa,CN
274,Riccardo,Ruprecht,rruprecht7l@ning.com,Agender,Sendangagung,ID
275,Mercy,Wildgoose,mwildgoose7m@quantcast.com,Female,Paris 07,FR
276,Mortie,Lachaize,mlachaize7n@printfriendly.com,Male,Rongkou,CN
277,Dukie,Davidovits,ddavidovits7o@google.es,Male,Dongshan,CN
278,Shurlocke,Fayer,sfayer7p@opensource.org,Male,Pajaten,ID
279,Cybil,Philot,cphilot7q@163.com,Female,Brakas,ID
280,Glen,Almon,galmon7r@networksolutions.com,Male,Tinawagan,PH
281,Fawn,Yurygyn,fyurygyn7s@wikipedia.org,Female,Hà Tiên,VN
282,Rosella,Obal,robal7t@com.com,Female,Périgny,FR
283,Camella,Cuttelar,ccuttelar7u@bigcartel.com,Female,Xinmin,CN
284,Caitrin,Chung,cchung7v@loc.gov,Female,Dabbūrīya,IL
285,Tatum,Holcroft,tholcroft7w@epa.gov,Female,Knežica,BA
286,Korie,Attock,kattock7x@t-online.de,Female,Czernikowo,PL
287,Gearard,Disbury,gdisbury7y@addtoany.com,Male,Mananjary,MG
288,Joya,Flux,jflux7z@wikia.com,Female,Tamansari,ID
289,Mame,Colegate,mcolegate80@yelp.com,Female,Kapsabet,KE
290,Roxana,Lammert,rlammert81@google.ru,Female,Asunción Mita,GT
291,Franky,Rolfini,frolfini82@nymag.com,Genderqueer,Salinas,BR
292,Bernadine,Pyecroft,bpyecroft83@reddit.com,Female,Esigodini,ZW
293,Hunt,Spackman,hspackman84@wikia.com,Agender,Rinbung,CN
294,Jerrome,Clampe,jclampe85@qq.com,Male,Tpig,RU
295,Calla,Bonsey,cbonsey86@jimdo.com,Female,Panique,PH
296,Casey,Foulstone,cfoulstone87@fotki.com,Female,Jiulian,CN
297,Linell,Hanhart,lhanhart88@eventbrite.com,Female,São Lourenço da Mata,BR
298,Damiano,Thieme,dthieme89@columbia.edu,Male,Lela,ID
299,Lise,Nerval,lnerval8a@census.gov,Female,Chanuman,TH
300,Sonni,Elger,selger8b@bloglovin.com,Female,Challhuahuacho,PE
301,Giacomo,Palombi,gpalombi8c@edublogs.org,Polygender,Liperi,FI
302,Haskell,Edgler,hedgler8d@ihg.com,Male,Sofiyivka,UA
303,Tessa,Benoix,tbenoix8e@archive.org,Female,Patos Fshat,AL
304,Putnam,While,pwhile8f@ovh.net,Agender,Zawichost,PL
305,Grissel,Jumonet,gjumonet8g@amazon.com,Female,Gatak,ID
306,Avivah,Weald,aweald8h@newsvine.com,Female,Feodosiya,UA
307,Korie,Chaudron,kchaudron8i@who.int,Female,Borovoy,RU
308,Francine,Catton,fcatton8j@a8.net,Female,Nijemci,HR
309,Cathrine,Stelfax,cstelfax8k@privacy.gov.au,Female,Konstantinovo,RU
310,Domenico,Ridolfo,dridolfo8l@examiner.com,Male,Pomichna,UA
311,Esme,Perez,eperez8m@tuttocitta.it,Male,Hörby,SE
312,Jerome,O'Cahill,jocahill8n@acquirethisname.com,Male,Engure,LV
313,Sherman,Greally,sgreally8o@eventbrite.com,Male,Ourentã,PT
314,Guillaume,Canham,gcanham8p@jugem.jp,Male,Huangjiakou,CN
315,Tarrance,Pusey,tpusey8q@t.co,Male,Wanasari Baleran,ID
316,Clemmy,Tethcote,ctethcote8r@hubpages.com,Female,Jdaidet el Matn,LB
317,Reynold,Kamen,rkamen8s@springer.com,Male,Mingjiu,CN
318,Delainey,Rakes,drakes8t@dyndns.org,Male,Saniwonorejo,ID
319,Haily,Skoyles,hskoyles8u@bbb.org,Male,Farranacoush,IE
320,Nickey,Steeden,nsteeden8v@ycombinator.com,Male,Alverca do Ribatejo,PT
321,Berty,Shingfield,bshingfield8w@army.mil,Male,Macaé,BR
322,Nadine,Dracey,ndracey8x@europa.eu,Female,Itápolis,BR
323,Thomasina,Andre,tandre8y@edublogs.org,Female,Toumodi,CI
324,Jameson,Amies,jamies8z@jimdo.com,Male,Mangga Dua,ID
325,Layney,Crepin,lcrepin90@prweb.com,Female,Srbinovo,MK
326,Alexandro,Titterrell,atitterrell91@cbslocal.com,Male,Dowr-e Rabāţ,AF
327,Elsbeth,Rosborough,erosborough92@pbs.org,Female,Haninge,SE
328,Windy,Woodrough,wwoodrough93@businesswire.com,Female,Mafinga,TZ
329,Claudianus,Odda,codda94@census.gov,Male,Tangxi,CN
330,Erv,Dellit,edellit95@themeforest.net,Male,Capivari,BR
331,Brigitta,Saulter,bsaulter96@ox.ac.uk,Female,Orléans,FR
332,Mordecai,Korpolak,mkorpolak97@dmoz.org,Agender,Mekarsari,ID
333,Beitris,Nowell,bnowell98@constantcontact.com,Female,Zaña,PE
334,Madelin,Stolz,mstolz99@fda.gov,Female,Chaves,PT
335,Barbabra,Hartzog,bhartzog9a@mapy.cz,Female,Bato,PH
336,Lionello,Stoffers,lstoffers9b@aol.com,Genderfluid,Phayuha Khiri,TH
337,August,Rugiero,arugiero9c@feedburner.com,Male,Ngori,ID
338,Swen,Acey,sacey9d@si.edu,Male,Marseille,FR
339,Corie,Schoffler,cschoffler9e@shop-pro.jp,Female,Yintang,CN
340,Tanya,Orht,torht9f@hexun.com,Female,Vilhena,BR
341,Katusha,Harmstone,kharmstone9g@arizona.edu,Female,Tanakawu Dua,ID
342,Gavin,Spivey,gspivey9h@dmoz.org,Male,Banjar Gunungpande,ID
343,Benn,Iannazzi,biannazzi9i@biblegateway.com,Male,Shigu,CN
344,Sallyanne,Littlefair,slittlefair9j@youtu.be,Female,El Paso,US
345,Baxter,Dmitrichenko,bdmitrichenko9k@diigo.com,Male,Na Klang,TH
346,Colver,Joffe,cjoffe9l@wisc.edu,Male,Longhua,CN
347,Marcelia,Pybus,mpybus9m@ted.com,Female,La Esperanza,CO
348,Johan,Densell,jdensell9n@bluehost.com,Male,Emiliano Zapata,MX
349,Giles,Pyle,gpyle9o@jugem.jp,Male,Rostock,DE
350,Logan,Schulz,lschulz9p@uiuc.edu,Male,La Guata,HN
351,Welch,Kiledal,wkiledal9q@parallels.com,Male,Dinititi,ID
352,Emily,Goom,egoom9r@cnet.com,Female,Tanggul Wetan,ID
353,Barn,Biscomb,bbiscomb9s@canalblog.com,Male,Carlsbad,US
354,Ernesta,Spacy,espacy9t@ucsd.edu,Female,Xinsheng,CN
355,Sunny,Wagstaffe,swagstaffe9u@dot.gov,Male,Göteborg,SE
356,Ernesta,Stilgoe,estilgoe9v@lycos.com,Female,Mancha Khiri,TH
357,Minette,Sprulls,msprulls9w@usatoday.com,Female,Da’an,CN
358,Dominik,Sherrott,dsherrott9x@latimes.com,Male,Jiantou,CN
359,Cyrillus,Gransden,cgransden9y@usgs.gov,Male,Świecie,PL
360,Lyndy,Butts,lbutts9z@skyrock.com,Female,Galaz,MA
361,Hobart,McChesney,hmcchesneya0@ning.com,Male,Kaminokawa,JP
362,Revkah,Blaszczak,rblaszczaka1@blog.com,Female,Sigli,ID
363,Earvin,Vasilenko,evasilenkoa2@patch.com,Male,Dandu,CN
364,Otes,Cure,ocurea3@wordpress.org,Male,Brunssum,NL
365,Kelci,Challen,kchallena4@zdnet.com,Female,Kon Dơng,VN
366,Calley,Balcers,cbalcersa5@yellowbook.com,Female,Dera Murād Jamāli,PK
367,Saxon,Primo,sprimoa6@over-blog.com,Male,Štitar,RS
368,Nikoletta,Melmore,nmelmorea7@reverbnation.com,Female,Parelhas,BR
369,Brianna,Slott,bslotta8@spotify.com,Female,Petkovci,BA
370,Tammara,Naisbet,tnaisbeta9@phoca.cz,Female,Phu Phiang,TH
371,Giuditta,Maccrie,gmaccrieaa@phpbb.com,Female,Vila Franca do Campo,PT
372,Gradey,Saiger,gsaigerab@xinhuanet.com,Male,Banjar Kajanan,ID
373,Augustus,Stocks,astocksac@hugedomains.com,Male,Monastirákion,GR
374,Matthieu,Dootson,mdootsonad@cbsnews.com,Male,Pantano do Sul,BR
375,Marty,Garnsworth,mgarnsworthae@networksolutions.com,Female,Chaoyang,CN
376,Dale,Fuzzey,dfuzzeyaf@reference.com,Male,Thanh Xuân,VN
377,Calv,Andresen,candresenag@51.la,Male,Krajan,ID
378,Leslie,Attril,lattrilah@sciencedaily.com,Female,Guantang,CN
379,Deck,De Vile,ddevileai@fema.gov,Male,Taguing,PH
380,Cecilius,Romanini,cromaniniaj@comsenz.com,Male,Rennes,FR
381,Flori,Snedker,fsnedkerak@i2i.jp,Female,"Hospitalet De Llobregat, L'",ES
382,Kattie,Lates,klatesal@chicagotribune.com,Female,Ducheng,CN
383,Elvina,Matussow,ematussowam@angelfire.com,Female,Sang-e Chārak,AF
384,Waldemar,Mullinder,wmullinderan@reddit.com,Male,Březová,CZ
385,Lari,Tremoulet,ltremouletao@wunderground.com,Female,Kstovo,RU
386,Constanta,Disdel,cdisdelap@springer.com,Genderqueer,Yao,JP
387,Galen,Portwaine,gportwaineaq@senate.gov,Male,Matias Olímpio,BR
388,Alanna,McKeggie,amckeggiear@squidoo.com,Female,Shiozawa,JP
389,Bendix,Cianelli,bcianellias@deviantart.com,Male,Miramar,AR
390,Lemar,Lanchberry,llanchberryat@networkadvertising.org,Male,Barreiro do Jaíba,BR
391,Leda,Coorington,lcooringtonau@flavors.me,Female,Omaha,US
392,Burch,Holde,bholdeav@infoseek.co.jp,Male,Baş Göynük,AZ
393,Abey,Dungay,adungayaw@biglobe.ne.jp,Male,Dawang,CN
394,Mireille,Averies,maveriesax@people.com.cn,Female,Kalatongke,CN
395,Tate,Rummin,trumminay@usgs.gov,Male,Sathing Phra,TH
396,Larina,Cassam,lcassamaz@mozilla.com,Female,Touguinha,PT
397,Felice,Exall,fexallb0@reddit.com,Female,Uruobo-Okija,NG
398,Arvin,Herche,ahercheb1@pinterest.com,Male,Bremerhaven,DE
399,Miguel,Falshaw,mfalshawb2@lulu.com,Male,Simnas,LT
400,Tyrus,Philipard,tphilipardb3@msu.edu,Male,Čoka,RS
401,Joete,Lemanu,jlemanub4@livejournal.com,Female,Cajicá,CO
402,Burt,Eary,bearyb5@discuz.net,Male,Wudil,NG
403,Giorgi,Mugg,gmuggb6@deliciousdays.com,Male,Zhongzuiling,CN
404,Katheryn,Gingles,kginglesb7@vkontakte.ru,Female,Tiaodeng,CN
405,Royce,Pembery,rpemberyb8@dion.ne.jp,Genderqueer,Alenquer,PT
406,Trudey,Blackaby,tblackabyb9@auda.org.au,Female,Longzhouwan,CN
407,Irene,Fidilis,ifidilisba@quantcast.com,Agender,Daduo,CN
408,Veda,MacConnulty,vmacconnultybb@squidoo.com,Female,Ban Huai Thalaeng,TH
409,Fredia,Liddle,fliddlebc@thetimes.co.uk,Female,Xiazhai,CN
410,Tim,Jaqueminet,tjaqueminetbd@google.cn,Male,Orissaare,EE
411,Brant,Hakeworth,bhakeworthbe@purevolume.com,Male,Butwāl,NP
412,Orren,Keble,okeblebf@go.com,Male,Campos,BR
413,Kristyn,Dilke,kdilkebg@lycos.com,Female,Arkalyk,KZ
414,Eleanor,Jecock,ejecockbh@360.cn,Female,Niaojin,CN
415,Marguerite,Radloff,mradloffbi@mayoclinic.com,Female,Golina,PL
416,Toddie,Clearley,tclearleybj@google.pl,Male,Xiabuji,CN
417,Marianna,Ditter,mditterbk@un.org,Female,Jönköping,SE
418,Sheeree,Bartolic,sbartolicbl@i2i.jp,Female,Costa Rica,BR
419,Annabell,Bamber,abamberbm@topsy.com,Female,Stockholm,SE
420,Gare,Mixworthy,gmixworthybn@deliciousdays.com,Male,Dieppe,FR
421,Roma,McIlvaney,rmcilvaneybo@imgur.com,Male,Tarkwa,GH
422,Vincent,Daniau,vdaniaubp@blinklist.com,Male,Mgachi,RU
423,Pearl,Gissop,pgissopbq@thetimes.co.uk,Female,Solna,SE
424,Walther,Gerrett,wgerrettbr@cbslocal.com,Male,Airuk,MH
425,Barry,Winterbottom,bwinterbottombs@berkeley.edu,Male,Man,CI
426,Chicky,Aubury,cauburybt@unblog.fr,Female,Gushan,CN
427,Alexis,Edgett,aedgettbu@mysql.com,Male,Krasnystaw,PL
428,Ade,Payne,apaynebv@slate.com,Male,Buga,CO
429,Kerk,Figger,kfiggerbw@pbs.org,Male,Jiangkou,CN
430,Harley,Prendeguest,hprendeguestbx@adobe.com,Female,Bi’r Ḩāt,YE
431,Chanda,Rois,croisby@hhs.gov,Female,Khalopyenichy,BY
432,Mauricio,Kenworthy,mkenworthybz@wp.com,Male,Mendī,ET
433,Trey,Genery,tgeneryc0@ehow.com,Male,Non Suwan,TH
434,Edgar,Dupre,eduprec1@pcworld.com,Male,Fontainebleau,FR
435,Tonia,Clemensen,tclemensenc2@pinterest.com,Female,Marisol,PT
436,Ashien,Holah,aholahc3@unesco.org,Female,Pesochnoye,RU
437,Pammy,Boshard,pboshardc4@amazon.co.jp,Female,Nagrak,ID
438,Ches,Edling,cedlingc5@earthlink.net,Male,La Colorada,PA
439,Berkley,Morais,bmoraisc6@lulu.com,Male,Pipa,CN
440,Queenie,Curnokk,qcurnokkc7@businesswire.com,Female,Santo Tomas,PH
441,Thaddeus,Mulryan,tmulryanc8@nymag.com,Male,Södertälje,SE
442,Anastasie,Quilter,aquilterc9@bbb.org,Genderfluid,Darband,TJ
443,Eustacia,Pennino,epenninoca@unc.edu,Female,Honda,CO
444,Reena,Poser,rposercb@ocn.ne.jp,Genderfluid,Junxi,CN
445,Fanchon,Dilliston,fdillistoncc@ezinearticles.com,Female,Valtelheiro,PT
446,Callie,Bottleson,cbottlesoncd@usatoday.com,Female,Kalapadua,ID
447,Lesly,McIlvenna,lmcilvennace@hhs.gov,Female,Tondano,ID
448,Ross,Gowdy,rgowdycf@github.io,Male,Waipukang,ID
449,Valerie,Rubenfeld,vrubenfeldcg@about.com,Female,Roma,IT
450,Almeria,Papaminas,apapaminasch@intel.com,Bigender,Wan’an,CN
451,Eal,Wordesworth,ewordesworthci@diigo.com,Male,Anrong,CN
452,Kassandra,Lintill,klintillcj@usda.gov,Female,Cikondang,ID
453,Boigie,Emby,bembyck@phpbb.com,Genderqueer,Cabatang,PH
454,Alisun,Paulou,apauloucl@a8.net,Female,Sidon,LB
455,Lorrin,McMennum,lmcmennumcm@cloudflare.com,Female,Camden,US
456,Edithe,Druce,edrucecn@netlog.com,Genderfluid,Loja,EC
457,Lindsy,Cory,lcoryco@constantcontact.com,Female,Xitou,CN
458,Minerva,Gowry,mgowrycp@booking.com,Female,Klenica,PL
459,Cheslie,Erington,ceringtoncq@sogou.com,Female,Pieniężno,PL
460,Torey,Benoix,tbenoixcr@noaa.gov,Female,Nagaracinta,ID
461,Marleah,Fullerton,mfullertoncs@xing.com,Female,Qorovulbozor,UZ
462,Durante,Fidell,dfidellct@newsvine.com,Male,Qionghai,CN
463,Wakefield,Reinhardt,wreinhardtcu@linkedin.com,Male,Porvoo,FI
464,Carma,Frome,cfromecv@flickr.com,Female,Hanušovice,CZ
465,Jacenta,Etuck,jetuckcw@sohu.com,Female,Vila Chã do Monte,PT
466,Pauly,Hammerman,phammermancx@google.es,Male,Lâm Thao,VN
467,Katharine,Cropton,kcroptoncy@yelp.com,Female,Lamawalang,ID
468,Chancey,Rosenqvist,crosenqvistcz@java.com,Male,Kaskinen,FI
469,Willard,Perillo,wperillod0@blogtalkradio.com,Male,Lingyuan,CN
470,Tana,Bromehead,tbromeheadd1@youku.com,Female,Cô Tô,VN
471,Addison,Pabst,apabstd2@virginia.edu,Male,Wutumeiren,CN
472,Modestia,Law,mlawd3@phoca.cz,Female,San José,HN
473,Eudora,Wytchard,ewytchardd4@goo.gl,Female,Ribeiro,PT
474,Teador,Egginton,teggintond5@themeforest.net,Male,Vänersborg,SE
475,Frasier,Gealle,fgealled6@imdb.com,Male,Tangwei,CN
476,Lowe,Nunnerley,lnunnerleyd7@storify.com,Non-binary,Krasica,HR
477,Roch,Gladdor,rgladdord8@chron.com,Female,Dmitriyevskaya,RU
478,Gaylene,MacEllen,gmacellend9@de.vu,Female,Rongdoi,CN
479,Guthrie,Hub,ghubda@baidu.com,Male,Montague,CA
480,Georgia,Burdytt,gburdyttdb@plala.or.jp,Genderqueer,Las Varas,AR
481,Margo,Farrand,mfarranddc@reuters.com,Female,Girijaya,ID
482,Vonnie,Cunde,vcundedd@examiner.com,Female,Mailag,PH
483,Rowland,Setchfield,rsetchfieldde@census.gov,Male,Zhixia,CN
484,Jard,Jahnisch,jjahnischdf@businesswire.com,Male,Bojawa,ID
485,Mattie,Mockes,mmockesdg@uiuc.edu,Male,Březová,CZ
486,Carline,Piquard,cpiquarddh@prlog.org,Female,Pereiros,PT
487,Drugi,Ranyard,dranyarddi@cbc.ca,Male,Fangtai,CN
488,Astra,Elnaugh,aelnaughdj@zimbio.com,Bigender,Naas,IE
489,Wilburt,Weafer,wweaferdk@homestead.com,Male,Vertientes,CU
490,Arturo,Stanford,astanforddl@businesswire.com,Male,Cabarroguis,PH
491,Cammi,Fyrth,cfyrthdm@alibaba.com,Female,Long Beach,US
492,Franny,Bailles,fbaillesdn@i2i.jp,Male,Želiv,CZ
493,Kendal,Chessor,kchessordo@ning.com,Male,Halle,DE
494,Gradey,Krook,gkrookdp@trellian.com,Male,Szeged,HU
495,Faydra,Somerlie,fsomerliedq@va.gov,Female,Lý Sơn,VN
496,Patrizio,Worley,pworleydr@1688.com,Male,Puma,TZ
497,Danielle,Welberry,dwelberryds@xrea.com,Female,Xinglong,CN
498,Gabey,Goodburn,ggoodburndt@amazon.com,Female,Teixoso,PT
499,Meredithe,Poad,mpoaddu@joomla.org,Female,Amashca,PE
500,Galvin,Hyder,ghyderdv@bloomberg.com,Male,Balud,PH
501,Madlin,Kamen,mkamendw@mac.com,Female,Gaogongdao,CN
502,Gabby,Pamphilon,gpamphilondx@engadget.com,Male,Pudoc,PH
503,Daryl,Cruse,dcrusedy@vimeo.com,Female,Pandaan,ID
504,Dawna,Fassman,dfassmandz@nifty.com,Female,Kōnosu,JP
505,Ozzie,Longstreet,olongstreete0@gov.uk,Male,Nayoro,JP
506,Adiana,Bronot,abronote1@cisco.com,Female,Hadāli,PK
507,Karalee,Goatman,kgoatmane2@canalblog.com,Female,Lifuta,CN
508,Kylie,Tower,ktowere3@homestead.com,Male,Konibodom,TJ
509,Lindsay,Bovingdon,lbovingdone4@51.la,Female,Camias,PH
510,Chan,Tranckle,ctrancklee5@acquirethisname.com,Male,Iniö,FI
511,Brittney,Piff,bpiffe6@vkontakte.ru,Female,Piraí,BR
512,Kerby,Restall,krestalle7@booking.com,Male,Obollo-Afor,NG
513,Rosalinde,Colum,rcolume8@usa.gov,Female,Kassándreia,GR
514,Demeter,Piggford,dpiggforde9@photobucket.com,Genderfluid,Bungoma,KE
515,Kale,Camell,kcamellea@umn.edu,Male,Ārt Khwājah,AF
516,Marigold,Crosson,mcrossoneb@newsvine.com,Female,Tai’an,CN
517,Codi,Bodicum,cbodicumec@icq.com,Female,Gojō,JP
518,Franz,Manifield,fmanifielded@dell.com,Male,Taavetti,FI
519,Michel,Plumley,mplumleyee@wordpress.com,Female,Koźmin Wielkopolski,PL
520,Currie,Findlow,cfindlowef@noaa.gov,Genderfluid,Aş Şafaqayn,YE
521,Dorian,Orrow,dorroweg@example.com,Female,Futuroscope,FR
522,Rosa,Seleway,rselewayeh@lulu.com,Female,Nagrog Wetan,ID
523,Goldy,Briffett,gbriffettei@amazon.co.jp,Female,Maubin,MM
524,Romona,Yeliashev,ryeliashevej@tiny.cc,Female,Rzeszów,PL
525,Bridie,Greengrass,bgreengrassek@geocities.jp,Female,Shazhouba,CN
526,Haze,Endle,hendleel@mapquest.com,Male,Kiên Lương,VN
527,Zara,Rowlett,zrowlettem@state.gov,Female,Polkowice,PL
528,Jeramie,Leaney,jleaneyen@businesswire.com,Male,Turanj,HR
529,Clea,Symons,csymonseo@printfriendly.com,Female,Magtangol,PH
530,Waiter,Howgate,whowgateep@joomla.org,Male,Shumikhinskiy,RU
531,Gertie,Gunderson,ggundersoneq@hubpages.com,Female,Wangping,CN
532,Byram,Westbrook,bwestbrooker@macromedia.com,Male,Chengshan,CN
533,Tildie,Roistone,troistonees@apple.com,Female,Tukums,LV
534,Penny,Dainter,pdainteret@marketwatch.com,Female,Schäffern,AT
535,Wilbur,Bulgen,wbulgeneu@symantec.com,Agender,Una,BR
536,Leora,Balogun,lbalogunev@oracle.com,Female,Igede-Ekiti,NG
537,Paulita,Moquin,pmoquinew@twitter.com,Female,Iḩsim,SY
538,Valle,Tresler,vtreslerex@parallels.com,Agender,Yorosso,ML
539,Johna,Giovannelli,jgiovannelliey@arstechnica.com,Non-binary,Honghua’erji,CN
540,Joela,Dakhov,jdakhovez@soup.io,Female,Ugbokpo,NG
541,Kathe,Lademann,klademannf0@salon.com,Female,Xinzhou,CN
542,Klarrisa,Handmore,khandmoref1@opensource.org,Female,Salingogan,PH
543,Vivyan,Happer,vhapperf2@examiner.com,Bigender,Dassun,PH
544,Othello,Huey,ohueyf3@intel.com,Male,Södertälje,SE
545,Chrissie,Behrendsen,cbehrendsenf4@statcounter.com,Male,Bom Conselho,BR
546,Ezechiel,Reppaport,ereppaportf5@jalbum.net,Male,Nglengkir,ID
547,Mira,Berrycloth,mberryclothf6@cnet.com,Female,Konggar,CN
548,Eduino,Skipper,eskipperf7@discovery.com,Male,Tinambac,PH
549,Arielle,Cortese,acortesef8@uol.com.br,Genderqueer,Lom Kao,TH
550,Christopher,Gutowski,cgutowskif9@theguardian.com,Male,Villejuif,FR
551,Madelaine,Ashness,mashnessfa@hud.gov,Female,Dallas,US
552,Enid,McCobb,emccobbfb@salon.com,Female,San Pedro Pinula,GT
553,Ole,Kupis,okupisfc@infoseek.co.jp,Male,Jorowaru Daya,ID
554,Courtnay,Podmore,cpodmorefd@slideshare.net,Male,Soubré,CI
555,Kasey,Sivewright,ksivewrightfe@examiner.com,Female,Nakasongola,UG
556,Federico,Maha,fmahaff@tamu.edu,Male,Mao’er,CN
557,Valencia,Molder,vmolderfg@purevolume.com,Female,Carmen de Viboral,CO
558,Dallas,Disney,ddisneyfh@desdev.cn,Male,Mérignac,FR
559,Brit,Rulf,brulffi@icq.com,Male,Caringin,ID
560,Justino,Tranter,jtranterfj@engadget.com,Male,Cardona,PH
561,Reinhard,Kleis,rkleisfk@goodreads.com,Male,Cempaka,ID
562,Katya,Antosch,kantoschfl@eventbrite.com,Female,Fengxian,CN
563,Tate,Pech,tpechfm@weibo.com,Female,Pleven,BG
564,Waite,Pitfield,wpitfieldfn@bandcamp.com,Male,Barcin,PL
565,Selene,Iacofo,siacofofo@samsung.com,Female,Xique Xique,BR
566,Haze,Millberg,hmillbergfp@mail.ru,Male,Jisegumen,CN
567,Anette,Fallowes,afallowesfq@pcworld.com,Female,Miechów Charsznica,PL
568,Thaxter,Fewtrell,tfewtrellfr@earthlink.net,Male,Yanghuxiang,CN
569,Jocelin,Sommerfeld,jsommerfeldfs@opensource.org,Female,Marneuli,GE
570,Humphrey,Cord,hcordft@youtube.com,Male,Paulínia,BR
571,Garv,Pickerell,gpickerellfu@cpanel.net,Male,Talashkino,RU
572,Theodoric,McLeese,tmcleesefv@so-net.ne.jp,Male,Repki,PL
573,Cyndi,Anespie,canespiefw@nymag.com,Bigender,Wangkung,ID
574,Natty,Dranfield,ndranfieldfx@gizmodo.com,Female,Diyarb Najm,EG
575,Inesita,Spering,isperingfy@feedburner.com,Polygender,Huangjindong,CN
576,Fernando,Prater,fpraterfz@craigslist.org,Male,Kenitra,MA
577,Curcio,Simonazzi,csimonazzig0@infoseek.co.jp,Male,Shaoyang,CN
578,Reena,Wakefield,rwakefieldg1@vistaprint.com,Female,Zhengcun,CN
579,Tristam,Crayden,tcraydeng2@bizjournals.com,Male,Kampen (Overijssel),NL
580,Filberte,Rydzynski,frydzynskig3@ed.gov,Male,Dasongshu,CN
581,Sammy,Goodboddy,sgoodboddyg4@last.fm,Non-binary,Nikol’sk,RU
582,Eunice,Cuseick,ecuseickg5@dot.gov,Female,Matabao,PH
583,Lesly,Dabbs,ldabbsg6@google.co.uk,Female,Karlshamn,SE
584,Melba,Tomasi,mtomasig7@pcworld.com,Female,Guofu,CN
585,Lay,Dodsley,ldodsleyg8@usnews.com,Male,Graikochóri,GR
586,Hobey,Walenta,hwalentag9@163.com,Male,Tanjungpati,ID
587,Antonietta,Gissop,agissopga@cdc.gov,Female,Birsa,ID
588,Edgar,Andrzejak,eandrzejakgb@unc.edu,Male,Devitsa,RU
589,Cariotta,Kingstne,ckingstnegc@naver.com,Female,Umeå,SE
590,Eric,Strawbridge,estrawbridgegd@ning.com,Male,Djibo,BF
591,Glenda,Jorge,gjorgege@dagondesign.com,Female,Malysheva,RU
592,Pacorro,Siret,psiretgf@alexa.com,Male,Langgen,ID
593,Tedman,Henrot,thenrotgg@e-recht24.de,Agender,Bogatynia,PL
594,Bernardo,Thews,bthewsgh@wikia.com,Male,Ungsang,KR
595,Asher,Ivankov,aivankovgi@symantec.com,Male,Aozou,TD
596,Uri,Cossar,ucossargj@digg.com,Male,São Miguel da Carreira,PT
597,Bonita,Tidmas,btidmasgk@sakura.ne.jp,Female,Dabu,CN
598,Olivia,Maas,omaasgl@un.org,Female,Degan,CN
599,Giulio,Gravie,ggraviegm@phpbb.com,Male,Tekeli,KZ
600,Georges,Baseley,gbaseleygn@patch.com,Male,Shiniujiang,CN
601,Kenon,Sier,ksiergo@alexa.com,Male,Utrecht (stad),NL
602,Massimiliano,Sewards,msewardsgp@phoca.cz,Non-binary,Longtan,CN
603,Randolf,Hassan,rhassangq@arstechnica.com,Male,Masaran,ID
604,Kippar,Vassano,kvassanogr@last.fm,Male,Shangqing,CN
605,Berte,Gligori,bgligorigs@infoseek.co.jp,Female,Mauhao,PH
606,Ruprecht,Kuschke,rkuschkegt@netlog.com,Male,Hobo,PH
607,Chelsie,Sibyllina,csibyllinagu@thetimes.co.uk,Female,Capellanía,PA
608,Kermy,Fyfield,kfyfieldgv@canalblog.com,Polygender,Fengshuling,CN
609,Ellene,Hurnell,ehurnellgw@amazonaws.com,Female,Picoto,PT
610,Becca,Hares,bharesgx@nymag.com,Female,Yantang,CN
611,Thaxter,Curtis,tcurtisgy@jugem.jp,Agender,Leyuan,CN
612,Carmine,Jeffels,cjeffelsgz@wired.com,Female,Buan,PH
613,Mercedes,Spender,mspenderh0@live.com,Polygender,Épinal,FR
614,Orv,Twinn,otwinnh1@w3.org,Male,Ujazd,PL
615,Noel,Cerman,ncermanh2@webeden.co.uk,Male,Half Way Tree,JM
616,Mel,Kittle,mkittleh3@gov.uk,Male,Czarna Białostocka,PL
617,Corinna,Mabbot,cmabboth4@seesaa.net,Female,Zadvorsko,HR
618,Gasper,Brammar,gbrammarh5@addtoany.com,Male,Jefferson City,US
619,Bryce,Hinners,bhinnersh6@woothemes.com,Male,Sindangsuka,ID
620,Trent,Worcester,tworcesterh7@tumblr.com,Male,Ambovombe,MG
621,Denny,Scrannage,dscrannageh8@t.co,Female,Chamalières,FR
622,Miltie,Koba,mkobah9@tumblr.com,Male,Wisznice,PL
623,Jessee,Dahlbom,jdahlbomha@dagondesign.com,Male,Uijeongbu-si,KR
624,Blondell,Wharby,bwharbyhb@netvibes.com,Female,Monastir,TN
625,Delmar,Hazeltine,dhazeltinehc@amazon.co.uk,Male,Sulūk,SY
626,Aeriel,Walcher,awalcherhd@delicious.com,Female,Senhor do Bonfim,BR
627,Brian,Bodd,bboddhe@unblog.fr,Male,Zhongxin,CN
628,Larine,Urrey,lurreyhf@wikimedia.org,Female,Milín,CZ
629,Gorden,Took,gtookhg@sitemeter.com,Male,Guangshan Chengguanzhen,CN
630,Drucy,Janatka,djanatkahh@last.fm,Female,Envira,BR
631,Heloise,Kunzler,hkunzlerhi@google.com.hk,Female,Curahklapa,ID
632,Caresa,Tythacott,ctythacotthj@ezinearticles.com,Female,Tsybulevka,UA
633,Bradley,Sellner,bsellnerhk@salon.com,Male,Jiulong,CN
634,Bernadina,McNirlan,bmcnirlanhl@salon.com,Female,Wan’an,CN
635,Jack,Porkiss,jporkisshm@cnn.com,Male,Khodasy,BY
636,Seward,Lydiard,slydiardhn@miitbeian.gov.cn,Male,Shaogongzhuang,CN
637,Dene,Housby,dhousbyho@about.me,Male,Khujirt,MN
638,Cammy,Pessel,cpesselhp@digg.com,Male,Thủ Thừa,VN
639,Eldon,Cuttle,ecuttlehq@geocities.jp,Male,Blantyre,MW
640,Viv,Malim,vmalimhr@parallels.com,Female,Néa Flogitá,GR
641,Lura,Gettings,lgettingshs@cam.ac.uk,Female,Cinyawang,ID
642,Alaster,Stait,astaitht@example.com,Male,Krimpen aan den IJssel,NL
643,Sharlene,Josephov,sjosephovhu@adobe.com,Female,Khromtau,KZ
644,Byran,Demoge,bdemogehv@vimeo.com,Male,Aix-en-Provence,FR
645,Garvy,Son,gsonhw@imgur.com,Male,Si Prachan,TH
646,Talbot,Gribbin,tgribbinhx@e-recht24.de,Male,Salvador,PT
647,Doris,Scay,dscayhy@uiuc.edu,Female,El Real,VE
648,Milicent,Wayt,mwaythz@engadget.com,Female,Mozdok,RU
649,Arielle,Houlton,ahoultoni0@w3.org,Female,Zátor,CZ
650,Jarrod,Braidley,jbraidleyi1@free.fr,Male,Kallíthiron,GR
651,Karl,Churn,kchurni2@example.com,Male,Guazhou,CN
652,Katha,Murch,kmurchi3@weather.com,Female,Iberia,PE
653,Yardley,Burwin,yburwini4@sfgate.com,Genderqueer,Beaung Tengah,ID
654,Alejandrina,Juniper,ajuniperi5@ucsd.edu,Female,Pinrang,ID
655,Jayne,Sinott,jsinotti6@youtu.be,Female,Santiago del Estero,AR
656,Marlie,Hinder,mhinderi7@wsj.com,Female,Sviblovo,RU
657,Werner,Paur,wpauri8@huffingtonpost.com,Male,San Vicente,PH
658,Dusty,Tittletross,dtittletrossi9@live.com,Female,Kadaka,ID
659,Jule,Saiens,jsaiensia@telegraph.co.uk,Male,Ciseda,ID
660,Gael,Terzi,gterziib@google.es,Male,Napnapan,PH
661,Belita,Richley,brichleyic@bravesites.com,Female,Pavliš,RS
662,Kenon,Rafe,krafeid@wordpress.org,Male,Koronadal,PH
663,Romeo,Sandon,rsandonie@washingtonpost.com,Male,Barlinek,PL
664,Rozella,Ruffey,rruffeyif@blog.com,Female,Har Nur,CN
665,Emmit,Golde,egoldeig@huffingtonpost.com,Male,Břasy,CZ
666,Kayne,Stubbley,kstubbleyih@irs.gov,Male,Šluknov,CZ
667,Whittaker,Wonfar,wwonfarii@usnews.com,Male,Al Ḩawāmidīyah,EG
668,Dionis,Tussaine,dtussaineij@epa.gov,Female,Hörby,SE
669,Silvester,Norway,snorwayik@ebay.com,Male,Viligili,MV
670,Kira,Reimer,kreimeril@qq.com,Female,Lipsko,PL
671,Nance,Doornbos,ndoornbosim@linkedin.com,Female,Dopang,ID
672,Babette,Sheldon,bsheldonin@opensource.org,Female,Batal,PH
673,Clovis,Panks,cpanksio@ucoz.com,Female,Radekhiv,UA
674,Saxon,Waitland,swaitlandip@engadget.com,Male,Thành Phố Uông Bí,VN
675,Maximilian,Bathow,mbathowiq@nydailynews.com,Male,Baih,ID
676,Townie,Gornall,tgornallir@walmart.com,Male,Chemnitz,DE
677,Romy,Jouanny,rjouannyis@ameblo.jp,Female,Criação Velha,PT
678,Walt,Meagh,wmeaghit@arstechnica.com,Bigender,Brka,BA
679,Kermie,Eyrl,keyrliu@vk.com,Non-binary,Liperi,FI
680,Noah,Werrilow,nwerrilowiv@nyu.edu,Male,Synya,RU
681,Vivyan,Landsbury,vlandsburyiw@over-blog.com,Female,Seda,LT
682,Armin,Vidyapin,avidyapinix@mysql.com,Male,Gvardeysk,RU
683,Thatch,McKinney,tmckinneyiy@mayoclinic.com,Male,Wenwuba,CN
684,Lemmie,Beagin,lbeaginiz@issuu.com,Male,Comé,BJ
685,Goraud,Blomfield,gblomfieldj0@t.co,Male,Värnamo,SE
686,Todd,Pumfrett,tpumfrettj1@bigcartel.com,Male,Musanze,RW
687,Mar,Kores,mkoresj2@wikispaces.com,Male,Nova Cruz,BR
688,Tamarra,Meeland,tmeelandj3@mail.ru,Female,Kendal,ID
689,Jackie,Bane,jbanej4@cocolog-nifty.com,Male,Bhiria,PK
690,Cherin,Castri,ccastrij5@go.com,Female,Khlong Khuean,TH
691,Annadiana,Mc Ilory,amciloryj6@godaddy.com,Female,Marte,NG
692,Merlina,Blazewski,mblazewskij7@alexa.com,Female,Paris 17,FR
693,Bogey,Jansey,bjanseyj8@myspace.com,Male,Buldon,PH
694,Hersh,Stranio,hstranioj9@nymag.com,Male,Xiangying,CN
695,Bastien,Askin,baskinja@statcounter.com,Male,Carregal,PT
696,Lenora,Ruslen,lruslenjb@huffingtonpost.com,Female,Zacatecoluca,SV
697,Gerianna,Nigh,gnighjc@google.com.br,Female,Sendangagung,ID
698,Rayshell,Barnwall,rbarnwalljd@rediff.com,Genderqueer,Umeå,SE
699,Kaylyn,Kollaschek,kkollaschekje@nps.gov,Female,Lüderitz,NA
700,Matty,McIlvenna,mmcilvennajf@t.co,Female,Yangambi,CD
701,Tynan,Knyvett,tknyvettjg@newsvine.com,Male,Xubu,CN
702,Annice,Bains,abainsjh@yellowbook.com,Female,Oslo,NO
703,Lilia,Ivashkin,livashkinji@slideshare.net,Female,Kalipucang,ID
704,Raoul,Battisson,rbattissonjj@nyu.edu,Male,Fujikawaguchiko,JP
705,Shepard,Schout,sschoutjk@yellowbook.com,Male,Bailuquan,CN
706,Korella,Argent,kargentjl@msn.com,Female,Araxá,BR
707,Mable,Sex,msexjm@google.ru,Agender,Kirkton,GB
708,Yehudit,Cansdell,ycansdelljn@ebay.co.uk,Male,Balangpule,ID
709,Sandye,Loines,sloinesjo@java.com,Female,Jakubów,PL
710,Doretta,Stillmann,dstillmannjp@engadget.com,Female,Dobrzeń Wielki,PL
711,Iver,Jaray,ijarayjq@a8.net,Male,Conceição da Feira,BR
712,Rayshell,Nutley,rnutleyjr@jigsy.com,Female,Rzewnie,PL
713,Allina,Corke,acorkejs@alexa.com,Female,Darwin,AR
714,Wye,Frederick,wfrederickjt@chron.com,Male,Zhourui,CN
715,Carrissa,Ruffler,crufflerju@wikia.com,Female,Vysočany,CZ
716,Desirae,Grevatt,dgrevattjv@cmu.edu,Female,Guangdu,CN
717,Ardelia,Fossord,afossordjw@facebook.com,Female,Dachong,CN
718,Rennie,Habbergham,rhabberghamjx@dailymotion.com,Female,Mosfilotí,CY
719,Leticia,Yantsev,lyantsevjy@indiegogo.com,Female,Weda,ID
720,Donielle,Henke,dhenkejz@un.org,Female,Abóboda,PT
721,Kris,Tilly,ktillyk0@statcounter.com,Female,Chicago,US
722,Iormina,Rougier,irougierk1@examiner.com,Female,Mae Wang,TH
723,Collen,Matusson,cmatussonk2@newsvine.com,Female,Nesebar,BG
724,Jonas,Alyonov,jalyonovk3@huffingtonpost.com,Male,Dvůr Králové nad Labem,CZ
725,Ario,Eggleton,aeggletonk4@wired.com,Male,Lysyanka,UA
726,Herman,Storrar,hstorrark5@4shared.com,Male,Episkopí,GR
727,Leonidas,Rickardes,lrickardesk6@simplemachines.org,Male,Pakemitan,ID
728,Purcell,Hendron,phendronk7@bloomberg.com,Male,Kengkou,CN
729,Vasili,De Normanville,vdenormanvillek8@com.com,Male,Dera Bugti,PK
730,Kirby,Pierro,kpierrok9@1und1.de,Male,Arganil,PT
731,Carlina,Muffitt,cmuffittka@odnoklassniki.ru,Female,Zhongbao,CN
732,Carr,Rounds,croundskb@nyu.edu,Polygender,Taichung,TW
733,Philippa,August,paugustkc@sakura.ne.jp,Female,Topol’noye,RU
734,Joshua,Duffan,jduffankd@xinhuanet.com,Male,Concepción del Uruguay,AR
735,Chauncey,Gladwell,cgladwellke@mashable.com,Male,Lindavista,MX
736,Gretna,Noton,gnotonkf@goo.gl,Female,Huayuanli,CN
737,Orelie,Downgate,odowngatekg@harvard.edu,Female,Disūq,EG
738,Vergil,MacCarter,vmaccarterkh@topsy.com,Agender,Imari,JP
739,Poul,Scard,pscardki@disqus.com,Male,Basa,ID
740,Brooks,Look,blookkj@goo.gl,Female,Savigny-le-Temple,FR
741,Krystle,Toffano,ktoffanokk@japanpost.jp,Female,Amparo,BR
742,Rich,Karlolczak,rkarlolczakkl@joomla.org,Male,Gampingan,ID
743,Obediah,Broker,obrokerkm@wix.com,Bigender,Luzhuangzi,CN
744,Hasheem,Carlick,hcarlickkn@archive.org,Polygender,Colombes,FR
745,Caesar,Aldgate,caldgateko@ustream.tv,Male,Jalqamūs,PS
746,Noby,Bankhurst,nbankhurstkp@harvard.edu,Male,Socorro,CO
747,Pattie,Kern,pkernkq@techcrunch.com,Genderfluid,Magoúla,GR
748,Kinnie,Ungerer,kungererkr@mysql.com,Male,Allealle,ID
749,Bunny,Mayberry,bmayberryks@ebay.co.uk,Female,Opařany,CZ
750,Shea,Colegate,scolegatekt@google.com.au,Genderfluid,Bledzew,PL
751,Emery,Seage,eseageku@foxnews.com,Polygender,Liushan,CN
752,Prince,Vigrass,pvigrasskv@discuz.net,Polygender,Vihti,FI
753,Candra,Colloff,ccolloffkw@skyrock.com,Female,Podgortsy,UA
754,Rori,Allardyce,rallardycekx@adobe.com,Female,Taohuajiang,CN
755,Ingeborg,Pippin,ipippinky@java.com,Female,Mulhouse,FR
756,Melva,Weavers,mweaverskz@tamu.edu,Genderqueer,Opaka,BG
757,Morgen,Lavender,mlavenderl0@behance.net,Male,Tarakan,ID
758,Halimeda,Plank,hplankl1@fda.gov,Genderfluid,La Salud,CU
759,Somerset,Coils,scoilsl2@msu.edu,Male,Valencia,VE
760,Butch,Delacote,bdelacotel3@ehow.com,Male,Kameyama,JP
761,Denice,Buller,dbullerl4@ted.com,Female,Tireman Timur,ID
762,Vanna,Dillamore,vdillamorel5@wired.com,Genderqueer,Jintang,CN
763,Hakeem,Possell,hposselll6@ucsd.edu,Male,Puerto Boyacá,CO
764,Jeremie,Callcott,jcallcottl7@npr.org,Male,Huainan,CN
765,Pauly,Rapier,prapierl8@weibo.com,Female,Saint-Louis,FR
766,Myrtia,Feasey,mfeaseyl9@godaddy.com,Female,Bireun,ID
767,Stacee,Peasegod,speasegodla@cocolog-nifty.com,Male,Rockford,US
768,Lawrence,MacUchadair,lmacuchadairlb@google.es,Male,Santo Tomas,PH
769,Alonzo,Thonger,athongerlc@artisteer.com,Male,Nauchnyy Gorodok,RU
770,Esra,Sparkes,esparkesld@unblog.fr,Male,Halimaung Jaya (F-3),ID
771,Guenevere,MacKibbon,gmackibbonle@miibeian.gov.cn,Genderqueer,Malakwāl,PK
772,Templeton,Casassa,tcasassalf@ucsd.edu,Male,Huangjiazhai,CN
773,Morley,Clausius,mclausiuslg@deviantart.com,Male,Daming,CN
774,Rustin,Welfare,rwelfarelh@europa.eu,Male,Columbus,US
775,Pincus,Cordner,pcordnerli@nature.com,Male,Pithoro,PK
776,Penrod,Danielczyk,pdanielczyklj@amazon.co.uk,Male,Pilar,PY
777,Jacquette,Loader,jloaderlk@paypal.com,Bigender,Dasht-e Qal‘ah,AF
778,Jorgan,Laffling,jlafflingll@behance.net,Male,Las Vegas,US
779,Madeleine,Buffery,mbufferylm@youtube.com,Agender,Zhongshan Donglu,CN
780,Jyoti,Cookes,jcookesln@cbc.ca,Female,Sebuku,ID
781,Risa,Midgely,rmidgelylo@github.io,Female,Nîmes,FR
782,Edyth,Cochet,ecochetlp@is.gd,Female,Liutan,CN
783,Gracie,Yanov,gyanovlq@comsenz.com,Female,Huesca,ES
784,Jedd,Corinton,jcorintonlr@posterous.com,Male,Pong,TH
785,Torey,Petti,tpettils@networkadvertising.org,Female,Perepravnaya,RU
786,Clarice,Belch,cbelchlt@wired.com,Female,Pakel,ID
787,Ignatius,Bartomeu,ibartomeulu@plala.or.jp,Male,Hexi,CN
788,Aloise,Mackley,amackleylv@scientificamerican.com,Female,Martingança,PT
789,Amandie,Donisi,adonisilw@about.com,Female,Haoraoshan,CN
790,Tull,Leisman,tleismanlx@liveinternet.ru,Male,Kurchaloy,RU
791,Abbey,Spellesy,aspellesyly@cbsnews.com,Male,Souto de Cima,PT
792,Christie,Guild,cguildlz@timesonline.co.uk,Male,Fort Wayne,US
793,Sax,Carberry,scarberrym0@spotify.com,Male,Talavera,PH
794,Grete,Fryd,gfrydm1@china.com.cn,Female,Bakulong,PH
795,Giacomo,Dominik,gdominikm2@gizmodo.com,Male,Rontu,ID
796,Verena,Betts,vbettsm3@tumblr.com,Female,Pameungpeuk,ID
797,Fran,Olenin,foleninm4@ca.gov,Male,Huanxi,CN
798,Burk,Stobbie,bstobbiem5@mlb.com,Male,Gumuk Tengah,ID
799,Sumner,Shaylor,sshaylorm6@cnet.com,Bigender,Lavandeira,PT
800,Kariotta,Mattielli,kmattiellim7@howstuffworks.com,Female,Tsuruga,JP
801,Shaughn,Valentin,svalentinm8@aboutads.info,Male,Oskarshamn,SE
802,Marve,Ivasyushkin,mivasyushkinm9@army.mil,Male,São Paulo de Olivença,BR
803,Coraline,Loakes,cloakesma@europa.eu,Female,Baoxia,CN
804,Edie,Crichmere,ecrichmeremb@ask.com,Bigender,Stockholm,SE
805,Sianna,O'Gleasane,sogleasanemc@netscape.com,Female,Jiwuwu,ID
806,Alie,Kelbie,akelbiemd@spotify.com,Female,Sirājganj,BD
807,Raleigh,Godding,rgoddingme@ehow.com,Male,Clermont-Ferrand,FR
808,Doreen,Benedyktowicz,dbenedyktowiczmf@chron.com,Female,Thị Trấn Mường Tè,VN
809,Collin,Mellings,cmellingsmg@economist.com,Male,Eg,MN
810,Mona,Carolan,mcarolanmh@acquirethisname.com,Female,Roi Et,TH
811,Pavlov,MacCaffery,pmaccafferymi@thetimes.co.uk,Male,Casal de São João,PT
812,Karlik,Spraging,kspragingmj@uiuc.edu,Male,Vegreville,CA
813,Giacomo,Ostrich,gostrichmk@admin.ch,Male,Heka,CN
814,Dorette,Amey,dameyml@answers.com,Female,Wonorejo,ID
815,Borden,Sydenham,bsydenhammm@themeforest.net,Male,Doghs,AM
816,Ula,Hebard,uhebardmn@deviantart.com,Female,Chelles,FR
817,Isabel,Dominetti,idominettimo@harvard.edu,Female,Martapura,ID
818,Jeffy,Waycot,jwaycotmp@eventbrite.com,Male,Milove,UA
819,Rozalie,Lambell,rlambellmq@wikipedia.org,Female,Midland,US
820,Chlo,Tampling,ctamplingmr@skype.com,Female,Polanka Wielka,PL
821,Isa,Stuttman,istuttmanms@google.com,Female,Obo,CN
822,Nissa,Rispine,nrispinemt@ovh.net,Female,Yaguaraparo,VE
823,Mora,Zelland,mzellandmu@parallels.com,Female,Guayaquil,EC
824,Sheilah,Ben-Aharon,sbenaharonmv@joomla.org,Female,Chrastava,CZ
825,Conant,Mullis,cmullismw@is.gd,Male,Carregueira,PT
826,Ronica,Pirnie,rpirniemx@vk.com,Female,Etinan,NG
827,Shana,Kingsman,skingsmanmy@cloudflare.com,Female,Pīr jo Goth,PK
828,Rey,Divisek,rdivisekmz@hp.com,Male,Qa‘ţabah,YE
829,Sim,Rathborne,srathbornen0@surveymonkey.com,Male,Sikonge,TZ
830,Zed,Freddi,zfreddin1@blogtalkradio.com,Male,Gálvez,AR
831,Ysabel,Baumert,ybaumertn2@liveinternet.ru,Female,Tortosa,PH
832,Clywd,Saich,csaichn3@icq.com,Male,Jenang Selatan,ID
833,Tarrah,Mucklo,tmucklon4@state.gov,Female,Karatau,KZ
834,Shannan,Smitherham,ssmitherhamn5@mapy.cz,Male,Jinchang,CN
835,Jedidiah,Whatling,jwhatlingn6@mashable.com,Male,Kongkeshu,CN
836,Billie,Humphrey,bhumphreyn7@de.vu,Female,Qiaozhuang,CN
837,Abie,Cornels,acornelsn8@google.com.au,Male,Khatanga,RU
838,Aurea,Pennacci,apennaccin9@google.com,Female,Daykitin,PH
839,Iver,Mapowder,imapowderna@oaic.gov.au,Male,La Palma,PA
840,Abagail,Hardstaff,ahardstaffnb@cbslocal.com,Female,Espinal,CO
841,Olivia,Chartman,ochartmannc@senate.gov,Female,Cahors,FR
842,Leo,Blenkinship,lblenkinshipnd@cargocollective.com,Male,San Juan,MX
843,Perry,Frampton,pframptonne@livejournal.com,Male,Saint-Cloud,FR
844,Clare,Lovemore,clovemorenf@imageshack.us,Female,Carbajales,HN
845,Cedric,Scneider,cscneiderng@utexas.edu,Male,Batulawang,ID
846,Karissa,Huortic,khuorticnh@tripod.com,Female,Amiens,FR
847,Berna,Gubbin,bgubbinni@slideshare.net,Female,Lubu,CN
848,Izabel,Yekel,iyekelnj@narod.ru,Female,San Rafael,PH
849,Miller,Benyon,mbenyonnk@scribd.com,Male,Culasian,PH
850,Roosevelt,Pearn,rpearnnl@pen.io,Genderfluid,Anh Son,VN
851,Yuri,Sharvill,ysharvillnm@tamu.edu,Male,Guaynabo,PR
852,Field,Hawton,fhawtonnn@wikia.com,Male,Ballitoville,ZA
853,Janel,De Pero,jdeperono@cnbc.com,Female,Leżajsk,PL
854,Vevay,Witheford,vwithefordnp@imageshack.us,Bigender,Yuhuang,CN
855,Chandal,Selland,csellandnq@wikispaces.com,Female,Kaédi,MR
856,Malena,Hefferon,mhefferonnr@reuters.com,Female,Azul,AR
857,Tulley,Mc Corley,tmccorleyns@ask.com,Male,Vavatenina,MG
858,Lenee,Filipponi,lfilipponint@meetup.com,Female,Bestala,ID
859,Papageno,Cuolahan,pcuolahannu@msu.edu,Male,Shuinan,CN
860,Wheeler,Gabbidon,wgabbidonnv@shutterfly.com,Male,Góra,PL
861,Gabriela,Painter,gpainternw@flickr.com,Female,Xinzhu,CN
862,Samantha,Freeberne,sfreebernenx@howstuffworks.com,Female,Shiqian,CN
863,Gisella,Puxley,gpuxleyny@hibu.com,Female,Krajan Joho,ID
864,Regina,Hawkins,rhawkinsnz@java.com,Female,Viña del Mar,CL
865,Tomas,Bellefant,tbellefanto0@icio.us,Male,Maoya,CN
866,Lorraine,Armitt,larmitto1@flavors.me,Female,Irshava,UA
867,Neille,Naulty,nnaultyo2@cmu.edu,Female,Gaula,PT
868,William,Frogley,wfrogleyo3@squidoo.com,Male,Nefta,TN
869,Nichole,Emmerson,nemmersono4@reddit.com,Male,Arraial do Cabo,BR
870,Olva,Druhan,odruhano5@house.gov,Female,Sirāhā,NP
871,Paco,Frapwell,pfrapwello6@gravatar.com,Male,Clonskeagh,IE
872,Godiva,Lochhead,glochheado7@stanford.edu,Female,Eadestown,IE
873,Godart,Clementucci,gclementuccio8@tripod.com,Male,Wiphawadi,TH
874,Gian,Primak,gprimako9@t.co,Male,Sarangmeduro,ID
875,Mara,McKeveney,mmckeveneyoa@columbia.edu,Genderfluid,Oeoh,ID
876,Donella,Barrington,dbarringtonob@constantcontact.com,Female,Tanniu,CN
877,Darbee,Rush,drushoc@ucoz.ru,Male,Bolhos,PT
878,Neron,Henrique,nhenriqueod@wikimedia.org,Male,Czarna,PL
879,Simone,Bremeyer,sbremeyeroe@unesco.org,Male,Sungaigerong,ID
880,Kort,Critchard,kcritchardof@dedecms.com,Male,Dzhalilabad,AZ
881,Verna,Casier,vcasierog@tripadvisor.com,Female,Argentan,FR
882,Corbin,Flaunders,cflaundersoh@wordpress.com,Male,Ḩawallī,KW
883,Bel,Tolumello,btolumellooi@army.mil,Female,Linan,PH
884,Lars,Fairney,lfairneyoj@blogspot.com,Male,Srebrenica,BA
885,Guillaume,Bascombe,gbascombeok@businesswire.com,Male,Rossosh’,RU
886,Caprice,Grubbe,cgrubbeol@yolasite.com,Female,Bistrica pri Tržiču,SI
887,Madelaine,Greensall,mgreensallom@over-blog.com,Female,Kajanan,ID
888,Willard,Goodey,wgoodeyon@paginegialle.it,Male,Yisa,CN
889,Rebeka,Bordes,rbordesoo@biblegateway.com,Female,Camargo,BO
890,Demetri,Scotfurth,dscotfurthop@tiny.cc,Male,Malikisi,KE
891,Daisey,Goskar,dgoskaroq@ted.com,Female,Meikeng,CN
892,Izak,Nattriss,inattrissor@boston.com,Male,Sibucao,PH
893,Fidelia,Haruard,fharuardos@nydailynews.com,Female,Herrljunga,SE
894,Saree,Firebrace,sfirebraceot@twitpic.com,Female,Malaḩ,SY
895,Melissa,Durrans,mdurransou@mac.com,Female,Taoyuan,CN
896,Hobie,Fehners,hfehnersov@wiley.com,Male,Murcia,ES
897,Auroora,Lamers,alamersow@blogger.com,Female,Sōka,JP
898,Alisander,Vanne,avanneox@unicef.org,Male,Pontes,PT
899,Benjamen,Orwell,borwelloy@printfriendly.com,Agender,Binawara,ID
900,Whittaker,Britnell,wbritnelloz@squarespace.com,Male,Eydhafushi,MV
901,Stevie,Damato,sdamatop0@bluehost.com,Male,Židlochovice,CZ
902,Lief,Dowsing,ldowsingp1@loc.gov,Male,Cruzeiro do Sul,BR
903,Alwin,Phelit,aphelitp2@seattletimes.com,Male,Huangbei,CN
904,Rufus,Taks,rtaksp3@furl.net,Male,Ban Fang,TH
905,Garrot,Kareman,gkaremanp4@guardian.co.uk,Male,Nanuque,BR
906,Florri,Lytlle,flytllep5@fastcompany.com,Female,Wringinsari,ID
907,Brittany,D'Ambrosio,bdambrosiop6@accuweather.com,Genderqueer,Cilaja,ID
908,Shelley,Londors,slondorsp7@mayoclinic.com,Male,Fenchen,CN
909,Frans,Hordle,fhordlep8@parallels.com,Male,Haugesund,NO
910,Ricky,Markovich,rmarkovichp9@chicagotribune.com,Female,Valencia,PH
911,Amaleta,Wichard,awichardpa@ovh.net,Non-binary,Xinmin,CN
912,Pryce,Buckwell,pbuckwellpb@mapy.cz,Male,Yangjia,CN
913,Arnoldo,Taillard,ataillardpc@lycos.com,Male,Phôngsali,LA
914,Abdul,Vercruysse,avercruyssepd@auda.org.au,Male,Barinitas,VE
915,Shea,Cordeiro,scordeirope@blogspot.com,Female,Markovo,RU
916,Scarlett,Rolfini,srolfinipf@msn.com,Female,Minle,CN
917,Nell,Bankes,nbankespg@illinois.edu,Female,Besko,PL
918,Upton,Eymor,ueymorph@npr.org,Male,Al ‘Azīzīyah,IQ
919,Bruce,Crosser,bcrosserpi@goo.gl,Genderqueer,Bireun,ID
920,Pamella,Hutcheons,phutcheonspj@ihg.com,Female,Ajasse Ipo,NG
921,Kellen,Mulliss,kmullisspk@bigcartel.com,Genderfluid,Mangusu,PH
922,Lynda,Daville,ldavillepl@slideshare.net,Female,Pasirdalem,ID
923,Fidole,Pudsall,fpudsallpm@canalblog.com,Male,Ruma,RS
924,Vivien,Earengey,vearengeypn@cbsnews.com,Female,Xingtan,CN
925,Phil,Rudwell,prudwellpo@webnode.com,Male,Binzhou,CN
926,Coretta,Doy,cdoypp@nbcnews.com,Agender,Nishinoomote,JP
927,Maximilianus,MacLardie,mmaclardiepq@paginegialle.it,Male,Bao’an,CN
928,Randolph,Udy,rudypr@google.fr,Male,Västervik,SE
929,Hillard,Mathelon,hmathelonps@mlb.com,Male,Honoria,PE
930,Reynard,Alton,raltonpt@pagesperso-orange.fr,Male,Shaft,IR
931,Mira,Wimp,mwimppu@java.com,Female,Sovetskoye,RU
932,Cort,Tubby,ctubbypv@acquirethisname.com,Male,Václavovice,CZ
933,Corney,Grigolashvill,cgrigolashvillpw@eventbrite.com,Male,Sundsvall,SE
934,Rayner,Colebrook,rcolebrookpx@utexas.edu,Male,Rohia,TN
935,Iver,Semeniuk,isemeniukpy@dedecms.com,Male,Jedlina-Zdrój,PL
936,Beth,Caisley,bcaisleypz@networksolutions.com,Female,San Vicente,PH
937,Iosep,Allbones,iallbonesq0@wiley.com,Male,Ágios Efstrátios,GR
938,Erasmus,Colcomb,ecolcombq1@ucoz.ru,Male,Nikitinskiy,RU
939,Noelyn,Verillo,nverilloq2@netvibes.com,Female,Granada,CO
940,Beret,Mavin,bmavinq3@eventbrite.com,Female,Pazarić,BA
941,Elysee,Stucksbury,estucksburyq4@twitpic.com,Polygender,Zakhim,YE
942,Scarlet,Springthorpe,sspringthorpeq5@jiathis.com,Female,Vyselki,RU
943,Leland,Morecomb,lmorecombq6@canalblog.com,Male,Quebradas,HN
944,Ivie,Sherrin,isherrinq7@nbcnews.com,Female,Taguing,PH
945,Stacy,Adamo,sadamoq8@privacy.gov.au,Male,Jialai,CN
946,Gail,Feaveer,gfeaveerq9@loc.gov,Genderqueer,Palermo,IT
947,Cortie,Viscovi,cviscoviqa@feedburner.com,Male,Nanzhihui,CN
948,Cthrine,Yea,cyeaqb@patch.com,Female,Huari,PE
949,Alexandrina,Stanes,astanesqc@sitemeter.com,Female,Mambago,PH
950,Dorey,Vasichev,dvasichevqd@istockphoto.com,Bigender,Puyehue,CL
951,Giacinta,Olivie,golivieqe@netvibes.com,Female,Ágios Vasíleios,GR
952,Dorita,Beltzner,dbeltznerqf@rambler.ru,Female,Banjar Tengah,ID
953,Lewiss,Halksworth,lhalksworthqg@blogspot.com,Male,Al Ghayl,YE
954,Mose,Greg,mgregqh@mayoclinic.com,Male,Kishorganj,BD
955,Barnaby,Cheasman,bcheasmanqi@youtu.be,Male,Dehī,AF
956,Lorelle,Gentle,lgentleqj@theglobeandmail.com,Genderfluid,Tasīl,SY
957,Valentijn,Haycox,vhaycoxqk@nba.com,Male,Zouérat,MR
958,Hubert,Skehan,hskehanql@woothemes.com,Male,Virbalis,LT
959,Audrie,Dumphry,adumphryqm@ihg.com,Female,Bagumbayan,PH
960,Corie,Cleverly,ccleverlyqn@nih.gov,Female,Gobernador Gálvez,AR
961,Happy,Usher,husherqo@netscape.com,Female,Paucar,PE
962,Ortensia,Rollitt,orollittqp@hud.gov,Female,Delmiro Gouveia,BR
963,Riki,Rudinger,rrudingerqq@php.net,Female,Si Racha,TH
964,Rube,Fairbourne,rfairbourneqr@printfriendly.com,Male,San Francisco,VE
965,Merwin,Minett,mminettqs@huffingtonpost.com,Male,Pakel,ID
966,Herb,Shank,hshankqt@dagondesign.com,Male,Maayong Tubig,PH
967,Pamela,Mouton,pmoutonqu@edublogs.org,Female,Keren,ER
968,Shannan,Waszkiewicz,swaszkiewiczqv@rakuten.co.jp,Male,Xiaxi,CN
969,Pavlov,Priden,ppridenqw@cocolog-nifty.com,Male,Khasavyurt,RU
970,Nicholle,Beden,nbedenqx@163.com,Female,Derbur,CN
971,Lesly,Buttler,lbuttlerqy@si.edu,Female,Árta,GR
972,Arda,Andriesse,aandriesseqz@uol.com.br,Female,Gaotang,CN
973,Alejoa,Zecchinii,azecchiniir0@accuweather.com,Male,Thị Trấn Lâm,VN
974,Weidar,Da Costa,wdacostar1@china.com.cn,Male,Horní Počaply,CZ
975,Jean,Winscom,jwinscomr2@joomla.org,Female,Brody,PL
976,Laurens,Tiddy,ltiddyr3@unblog.fr,Male,Tonshayevo,RU
977,Mauricio,Bemwell,mbemwellr4@shinystat.com,Male,Ad Dimnah,YE
978,Kiley,Hunnable,khunnabler5@symantec.com,Female,San José,HN
979,Hadria,Riep,hriepr6@google.com.au,Female,Kangar,MY
980,Trevor,Le Huquet,tlehuquetr7@dailymotion.com,Genderfluid,Ūdalah,PS
981,Yvon,Dagger,ydaggerr8@soundcloud.com,Male,Karangsari,ID
982,Anjela,Moncaster,amoncasterr9@ihg.com,Female,Yupiltepeque,GT
983,Jethro,Howselee,jhowseleera@latimes.com,Male,Bubullimë,AL
984,Malanie,Handaside,mhandasiderb@shinystat.com,Female,Sanshengyuan,CN
985,Daffie,Penrith,dpenrithrc@fc2.com,Female,Nice,FR
986,Erich,Jendricke,ejendrickerd@washington.edu,Bigender,Zabłocie,PL
987,Marinna,Oakeshott,moakeshottre@npr.org,Female,Rouyuan,CN
988,Nelia,Glancey,nglanceyrf@ft.com,Female,San José de Colinas,HN
989,Langsdon,Karadzas,lkaradzasrg@arstechnica.com,Male,Cililitan,ID
990,Kalil,Batha,kbatharh@geocities.com,Male,Šentilj v Slov. Goricah,SI
991,Ros,Kibard,rkibardri@ucsd.edu,Female,Konstantinovo,BY
992,Iormina,Fishbourne,ifishbournerj@artisteer.com,Female,Luuka Town,UG
993,Sonya,Hackly,shacklyrk@nbcnews.com,Female,Shamakhi,AZ
994,Eolanda,Mountfort,emountfortrl@cbsnews.com,Female,Barishāl,PK
995,Sansone,Spurett,sspurettrm@infoseek.co.jp,Male,Ondores,PE
996,Ema,MacGillicuddy,emacgillicuddyrn@engadget.com,Female,Compiègne,FR
997,Adolphus,Pitman,apitmanro@ameblo.jp,Male,San Marcos,HN
998,Kirsteni,Garvin,kgarvinrp@google.it,Female,Līgatne,LV
999,Elinor,Millier,emillierrq@miibeian.gov.cn,Female,Batobato,PH
1000,Helaina,Prior,hpriorrr@chicagotribune.com,Female,Pincher Creek,CA
